Likes,Comments,Views
5,1,279
10,0,374
19,7,788
9,0,433
14,3,596
12,0,376
10,0,460
9,0,330
7,0,526
26,0,760
26,0,745
24,0,741
23,1,774
30,1,880
25,0,841
15,0,668
15,1,753
11,0,531
5,0,537
11,0,554
23,0,678
7,0,708
20,7,816
18,0,591
20,6,773
13,0,636
18,15,757
19,1,740
27,0,808
21,0,794
22,0,908
19,0,769
1,0,500
4,0,484
11,0,727
8,0,726
23,1,1145
7,0,524
21,4,993
38,16,2241
17,0,1194
15,0,842
7,0,617
18,4,783
10,0,911
2,0,528
16,1,934
4,0,725
21,2,940
38,2,2299
6,0,978
8,0,729
8,0,692
7,1,818
5,0,754
21,0,1001
2,0,610
1,0,681
25,1,1187
15,0,937
1,0,608
3,0,559
5,0,731
20,1,1401
21,0,1686
2,0,608
2,0,542
4,0,682
5,0,780
21,0,779
14,0,889
19,0,879
6,0,641
3,0,603
2,0,393
2,0,530
3,0,746
6,0,404
38,0,1072
4,0,612
5,0,643
3,0,569
6,0,738
13,0,1150
17,0,888
8,0,767
8,0,685
2,0,739
10,0,982
7,1,1238
2,0,878
28,2,1967
4,0,1205
4,0,1001
35,0,1578
20,0,2100
17,0,1460
5,1,279
10,0,374
19,7,788
9,0,433
14,3,596
12,0,376
10,0,460
9,0,330
7,0,526
26,0,760
26,0,745
24,0,741
23,1,774
30,1,880
25,0,841
15,0,668
15,1,753
11,0,531
5,0,537
11,0,554
23,0,678
7,0,708
20,7,816
18,0,591
20,6,773
13,0,636
18,15,757
19,1,740
27,0,808
21,0,794
22,0,908
19,0,769
1,0,500
4,0,484
11,0,727
8,0,726
23,1,1145
7,0,524
21,4,993
38,16,2241
17,0,1194
15,0,842
7,0,617
18,4,783
10,0,911
2,0,528
16,1,934
4,0,725
21,2,940
38,2,2299
6,0,978
8,0,729
8,0,692
7,1,818
5,0,754
21,0,1001
2,0,610
1,0,681
25,1,1187
15,0,937
1,0,608
3,0,559
5,0,731
20,1,1401
21,0,1686
2,0,608
2,0,542
4,0,682
5,0,780
21,0,779
14,0,889
19,0,879
6,0,641
3,0,603
2,0,393
2,0,530
3,0,746
6,0,404
38,0,1072
4,0,612
5,0,643
3,0,569
6,0,738
13,0,1150
17,0,888
8,0,767
8,0,685
2,0,739
10,0,982
7,1,1238
2,0,878
28,2,1967
4,0,1205
4,0,1001
35,0,1578
20,0,2100
17,0,1460
5,1,279
10,0,374
19,7,788
9,0,433
14,3,596
12,0,376
10,0,460
9,0,330
7,0,526
26,0,760
26,0,745
24,0,741
23,1,774
30,1,880
25,0,841
15,0,668
15,1,753
11,0,531
5,0,537
11,0,554
23,0,678
7,0,708
20,7,816
18,0,591
20,6,773
13,0,636
18,15,757
19,1,740
27,0,808
21,0,794
22,0,908
19,0,769
1,0,500
4,0,484
11,0,727
8,0,726
23,1,1145
7,0,524
21,4,993
38,16,2241
17,0,1194
15,0,842
7,0,617
18,4,783
10,0,911
2,0,528
16,1,934
4,0,725
21,2,940
38,2,2299
6,0,978
8,0,729
8,0,692
7,1,818
5,0,754
21,0,1001
2,0,610
1,0,681
25,1,1187
15,0,937
1,0,608
3,0,559
5,0,731
20,1,1401
21,0,1686
2,0,608
2,0,542
4,0,682
5,0,780
21,0,779
14,0,889
19,0,879
6,0,641
3,0,603
2,0,393
2,0,530
3,0,746
6,0,404
38,0,1072
4,0,612
5,0,643
3,0,569
6,0,738
13,0,1150
17,0,888
8,0,767
8,0,685
2,0,739
10,0,982
7,1,1238
2,0,878
28,2,1967
4,0,1205
4,0,1001
35,0,1578
20,0,2100
17,0,1460
5,1,279
10,0,374
19,7,788
9,0,433
14,3,596
12,0,376
10,0,460
9,0,330
7,0,526
26,0,760
26,0,745
24,0,741
23,1,774
30,1,880
25,0,841
15,0,668
15,1,753
11,0,531
5,0,537
11,0,554
23,0,678
7,0,708
20,7,816
18,0,591
20,6,773
13,0,636
18,15,757
19,1,740
27,0,808
21,0,794
22,0,908
19,0,769
1,0,500
4,0,484
11,0,727
8,0,726
23,1,1145
7,0,524
21,4,993
38,16,2241
17,0,1194
15,0,842
7,0,617
18,4,783
10,0,911
2,0,528
16,1,934
4,0,725
21,2,940
38,2,2299
6,0,978
8,0,729
8,0,692
7,1,818
5,0,754
21,0,1001
2,0,610
1,0,681
25,1,1187
15,0,937
1,0,608
3,0,559
5,0,731
20,1,1401
21,0,1686
2,0,608
2,0,542
4,0,682
5,0,780
21,0,779
14,0,889
19,0,879
6,0,641
3,0,603
2,0,393
2,0,530
3,0,746
6,0,404
38,0,1072
4,0,612
5,0,643
3,0,569
6,0,738
13,0,1150
17,0,888
8,0,767
8,0,685
2,0,739
10,0,982
7,1,1238
2,0,878
28,2,1967
4,0,1205
4,0,1001
35,0,1578
20,0,2100
17,0,1460
5,1,279
10,0,374
19,7,788
9,0,433
14,3,596
12,0,376
10,0,460
9,0,330
7,0,526
26,0,760
26,0,745
24,0,741
23,1,774
30,1,880
25,0,841
15,0,668
15,1,753
11,0,531
5,0,537
11,0,554
23,0,678
7,0,708
20,7,816
18,0,591
20,6,773
13,0,636
18,15,757
19,1,740
27,0,808
21,0,794
22,0,908
19,0,769
1,0,500
4,0,484
11,0,727
8,0,726
23,1,1145
7,0,524
21,4,993
38,16,2241
17,0,1194
15,0,842
7,0,617
18,4,783
10,0,911
2,0,528
16,1,934
4,0,725
21,2,940
38,2,2299
6,0,978
8,0,729
8,0,692
7,1,818
5,0,754
21,0,1001
2,0,610
1,0,681
25,1,1187
15,0,937
1,0,608
3,0,559
5,0,731
20,1,1401
21,0,1686
2,0,608
2,0,542
4,0,682
5,0,780
21,0,779
14,0,889
19,0,879
6,0,641
3,0,603
2,0,393
2,0,530
3,0,746
6,0,404
38,0,1072
4,0,612
5,0,643
3,0,569
6,0,738
13,0,1150
17,0,888
8,0,767
8,0,685
2,0,739
10,0,982
7,1,1238
2,0,878
28,2,1967
4,0,1205
4,0,1001
35,0,1578
20,0,2100
17,0,1460
